{
    "name": "ds_bronze",
    "properties": {
        "linkedServiceName": {
            "referenceName": "Stroagedatalake",
            "type": "LinkedServiceReference"
        },
        "annotations": [],
        "type": "DelimitedText",
        "typeProperties": {
            "location": {
                "type": "AzureBlobFSLocation",
                "fileName": "products.csv",
                "folderPath": "products",
                "fileSystem": "bronze"
            },
            "columnDelimiter": ",",
            "escapeChar": "\\",
            "firstRowAsHeader": true,
            "quoteChar": "\""
        },
        "schema": []
    },
    "type": "Microsoft.DataFactory/factories/datasets"
}