{
    "now": "2024-12-18T20:36:29.646Z",
    "perfNow": 101685.5,
    "diagnosticCorrelation": "4742709d-2c67-4d15-983d-93cd91c3a748",
    "source": "DownloadSupportFiles",
    "environment": {
        "productName": "adf",
        "buildVersion": "1.0.110124.1",
        "environmentType": 3,
        "resourceName": "adf-aw-project-harsh14",
        "resourceRegion": "eastus",
        "resourceGroup": "AWPROJECT",
        "subscriptionId": "1c7bd547-8bcb-4de8-b22c-ea32fc81e8b2",
        "sessionId": "szMyQc/co1yxeyk5fH9p4U",
        "operationId": "",
        "gitType": "live",
        "loggingKey": "ecf93b97-c4ee-40f6-9869-34469887ab43"
    },
    "additionalInfo": {
        "selectedResource": "ds_sink_dynamic",
        "selectedResourceType": "dataset"
    }
}