{
    "name": "ds_git_parameters",
    "properties": {
        "linkedServiceName": {
            "referenceName": "Stroagedatalake",
            "type": "LinkedServiceReference"
        },
        "annotations": [],
        "type": "Json",
        "typeProperties": {
            "location": {
                "type": "AzureBlobFSLocation",
                "fileName": "git.json",
                "fileSystem": "parameters"
            }
        },
        "schema": {
            "type": "object",
            "properties": {
                "p_rel_url": {
                    "type": "string"
                },
                "p_sink_folder": {
                    "type": "string"
                },
                "p_sink_file": {
                    "type": "string"
                }
            }
        }
    },
    "type": "Microsoft.DataFactory/factories/datasets"
}