{
    "now": "2024-12-18T20:35:49.927Z",
    "perfNow": 61966.40000000596,
    "diagnosticCorrelation": "3e0dd86a-1024-4a4c-a93d-c24035ca56d2",
    "source": "DownloadSupportFiles",
    "environment": {
        "productName": "adf",
        "buildVersion": "1.0.110124.1",
        "environmentType": 3,
        "resourceName": "adf-aw-project-harsh14",
        "resourceRegion": "eastus",
        "resourceGroup": "AWPROJECT",
        "subscriptionId": "1c7bd547-8bcb-4de8-b22c-ea32fc81e8b2",
        "sessionId": "szMyQc/co1yxeyk5fH9p4U",
        "operationId": "",
        "gitType": "live",
        "loggingKey": "ecf93b97-c4ee-40f6-9869-34469887ab43"
    },
    "additionalInfo": {
        "selectedResource": "GittoRaw",
        "selectedResourceType": "pipeline"
    }
}