{
    "now": "2024-12-18T20:36:20.789Z",
    "perfNow": 92829.30000001192,
    "diagnosticCorrelation": "ccaeaa7d-0f16-4c07-b9a3-17ae1f73b21c",
    "source": "DownloadSupportFiles",
    "environment": {
        "productName": "adf",
        "buildVersion": "1.0.110124.1",
        "environmentType": 3,
        "resourceName": "adf-aw-project-harsh14",
        "resourceRegion": "eastus",
        "resourceGroup": "AWPROJECT",
        "subscriptionId": "1c7bd547-8bcb-4de8-b22c-ea32fc81e8b2",
        "sessionId": "szMyQc/co1yxeyk5fH9p4U",
        "operationId": "",
        "gitType": "live",
        "loggingKey": "ecf93b97-c4ee-40f6-9869-34469887ab43"
    },
    "additionalInfo": {
        "selectedResource": "ds_git_parameters",
        "selectedResourceType": "dataset"
    }
}